,DW_ID,FIRST_NAME_C,LAST_NAME_C,renewal_predict_prob
150357,11378652,Wally,Lagerwey,0.8901894423823936
719613,5433549,Lauren,Morris,0.48869706008255975
1208842,17476891,Carlos,Contreras,0.17551895076565857
1663458,4105750,Jade,Lamoreaux,0.20615980953228108
1815984,339699,Sebastian,Pollandt,0.8149270048590426
1939056,13150752,Eric,Nelson,0.2622632565118533
2185308,860556,Dave,Williams,0.14929524751380865
